{
  "法人证券账户开户" : {
    "transaction" : "法人证券账户开户",
    "sampleCount" : 1100,
    "errorCount" : 101,
    "errorPct" : 9.181818,
    "meanResTime" : 26.47454545454547,
    "medianResTime" : 21.0,
    "minResTime" : 9.0,
    "maxResTime" : 753.0,
    "pct1ResTime" : 31.0,
    "pct2ResTime" : 60.90000000000009,
    "pct3ResTime" : 121.0,
    "throughput" : 7.373988590428563,
    "receivedKBytesPerSec" : 3.0046123041703257,
    "sentKBytesPerSec" : 4.443116172162522
  },
  "获取交易信息" : {
    "transaction" : "获取交易信息",
    "sampleCount" : 1100,
    "errorCount" : 0,
    "errorPct" : 0.0,
    "meanResTime" : 16.887272727272734,
    "medianResTime" : 12.0,
    "minResTime" : 8.0,
    "maxResTime" : 413.0,
    "pct1ResTime" : 18.0,
    "pct2ResTime" : 42.950000000000045,
    "pct3ResTime" : 104.99000000000001,
    "throughput" : 7.359434795407712,
    "receivedKBytesPerSec" : 5.562697784810127,
    "sentKBytesPerSec" : 1.624250257580218
  },
  "资金账户开户" : {
    "transaction" : "资金账户开户",
    "sampleCount" : 1100,
    "errorCount" : 0,
    "errorPct" : 0.0,
    "meanResTime" : 26.660000000000046,
    "medianResTime" : 22.0,
    "minResTime" : 14.0,
    "maxResTime" : 430.0,
    "pct1ResTime" : 31.0,
    "pct2ResTime" : 58.950000000000045,
    "pct3ResTime" : 114.98000000000002,
    "throughput" : 7.373395448604082,
    "receivedKBytesPerSec" : 3.0098430639809632,
    "sentKBytesPerSec" : 2.801026200690418
  },
  "Total" : {
    "transaction" : "Total",
    "sampleCount" : 6600,
    "errorCount" : 201,
    "errorPct" : 3.0454545,
    "meanResTime" : 30.492424242424185,
    "medianResTime" : 22.0,
    "minResTime" : 7.0,
    "maxResTime" : 753.0,
    "pct1ResTime" : 47.0,
    "pct2ResTime" : 81.0,
    "pct3ResTime" : 195.0,
    "throughput" : 44.06933575492108,
    "receivedKBytesPerSec" : 19.950985905324377,
    "sentKBytesPerSec" : 16.24626391355733
  },
  "资金转账" : {
    "transaction" : "资金转账",
    "sampleCount" : 1100,
    "errorCount" : 0,
    "errorPct" : 0.0,
    "meanResTime" : 52.885454545454515,
    "medianResTime" : 43.0,
    "minResTime" : 28.0,
    "maxResTime" : 319.0,
    "pct1ResTime" : 66.89999999999998,
    "pct2ResTime" : 136.95000000000005,
    "pct3ResTime" : 227.96000000000004,
    "throughput" : 7.357810315650063,
    "receivedKBytesPerSec" : 2.6729545287322494,
    "sentKBytesPerSec" : 2.486135126186447
  },
  "个人开户" : {
    "transaction" : "个人开户",
    "sampleCount" : 1100,
    "errorCount" : 100,
    "errorPct" : 9.090909,
    "meanResTime" : 43.21818181818179,
    "medianResTime" : 32.0,
    "minResTime" : 17.0,
    "maxResTime" : 615.0,
    "pct1ResTime" : 50.0,
    "pct2ResTime" : 134.60000000000036,
    "pct3ResTime" : 213.99,
    "throughput" : 7.369838600534648,
    "receivedKBytesPerSec" : 3.0030652875577024,
    "sentKBytesPerSec" : 3.296275467817255
  },
  "获取账户余额" : {
    "transaction" : "获取账户余额",
    "sampleCount" : 1100,
    "errorCount" : 0,
    "errorPct" : 0.0,
    "meanResTime" : 16.8290909090909,
    "medianResTime" : 13.0,
    "minResTime" : 7.0,
    "maxResTime" : 215.0,
    "pct1ResTime" : 17.0,
    "pct2ResTime" : 44.90000000000009,
    "pct3ResTime" : 106.0,
    "throughput" : 7.3593363216699,
    "receivedKBytesPerSec" : 2.7525642687495817,
    "sentKBytesPerSec" : 1.6457890797484445
  }
}